url,status
159.203.90.151/api/,0
www.bacgarageservices.co.uk/wp-content/themes/classic/index.php.php,0
http://jaaeza.com/dribrahim/document-shared439/doc/index.php,0
jundajx.com/Images?us.battle.net/login/en/?ref=us.battle.net/d3/en/index,0
www.smxszz.com/images/?us.battle.net/login/en/?ref=us.battle.net/d3/en/index&app=com-d3,0
http://plataformaeducativa.se.jalisco.gob.mx/elpunto/misc/msci,0
tr33osbbs.org.tr/securedoc/nD/nD/,0
smcbas.jp,0
5000-coinbase.com,0
www.twitteronbusiness.com/~tracbcom/images/wbsccr.php?cmd=_processing&dispatch=5885d80a13c0db1fb6947b0aeae66fdbfb2119927117e3a6f876e0fd34af43650a0550451c07a8cbdfc0442a82b384190a0550451c07a8cbdfc0442a82b38419,0
www.learn-brazilian-portuguese.com/fre.php,0
click-prodevepr.000webhostapp.com,0
https://amaezom.cvlhwxe.cn/,0
'www.softether.com.cn/js/?us.battle.net/login/en/?ref=http\%3A\%2F\%2Fus.battle.net\%2Fd3\%2Fen\%2Findex&amp;app=com-d3',0
dhaainkanbaa.com/1525ec448320556aee3020b2efccf787,0
https://neyngng.duckdns.org,0
https://sffbc.cceed.cn/,0
https://dfhgfgh.mphktzf.cn,0
paypal.com.webapps.mpp.home.9145151df251515882014fd.solutioncoach.com/11D5F1SDF5G1SD5G1152D1F/,0
https://viewsnet-jp.1572088.com/,0
http://www.kf25zx.com/images/?http://us.battle.net/login/http://kitaparsivi.org/cache,0
https://www.myjcb.ltd.vfavjci.cn,0
https://hjvfd.nidzwrt.cn/,0
http://moqhuponhr.duckdns.org/ja/main,0
cornwallweb.design,0
moremontreal.com/aete/musique/groupes.html,1
last.fm/music/Nobunny,1
bizjournals.com/kansascity/stories/2005/08/08/daily14.html?jst=b_ln_hl,1
experiencefestival.com/list_of_grindcore_bands,1
facebook.com/sufcofficial,1
imdb.com/name/nm3512747/,1
aceshowbiz.com/celebrity/debbe_dunning/,1
americanidiottickets.net/,1
jumporama.net/,1
middletownpress.com/articles/2011/08/20/news/doc4e4f023487705757683060.txt,1
nbcwashington.com/,1
steedafocus.com/,1
www.panasonic.com/PBDS/,1
www.chaossoftware.com/express-plus-email.asp,1
adultfilmdatabase.com/Gallery/index.cfm?actorid=43372,1
phaseit.net/claird/comp.lang.tcl/fmm.html,1
tourismehsm.qc.ca/thsm_en/index.php/discover-the-region/haut-saint-maurice/96-parent.html,1
tools.ietf.org/html/rfc1717,1
vrbo.com/87912,1
en.wikipedia.org/wiki/Category:Pre-Confederation_British_Columbia_people,1
soccerbase.com/tournaments/tournament.sd?comp_id=66,1
closetobeach.com.au/,1
facebook.com/pages/Mario-Valery-Trabucco/143240755699068,1
avengedsevenfold.com/tour/montreal-qc,1
en.montrealalouettes.com/draft,1
